country,iso2c,iso3c,year,GDP_pc
Austria,AT,AUT,2021,45238.3907144733
Austria,AT,AUT,2020,43455.7000665738
Austria,AT,AUT,2019,46647.0809634335
Austria,AT,AUT,2018,46154.6250956541
Austria,AT,AUT,2017,45281.723399938
Austria,AT,AUT,2016,44590.2516278164
Austria,AT,AUT,2015,44195.8175947748
Austria,AT,AUT,2014,44245.1687398338
Austria,AT,AUT,2013,44299.3781845446
Austria,AT,AUT,2012,44549.881698231
Austria,AT,AUT,2011,44451.0001918473
Austria,AT,AUT,2010,43334.5089644691
Austria,AT,AUT,2009,42655.1921304813
Austria,AT,AUT,2008,44440.055889928
Austria,AT,AUT,2007,43937.7128905744
Austria,AT,AUT,2006,42496.3510516831
Austria,AT,AUT,2005,41281.2707559522
Austria,AT,AUT,2004,40651.2266155811
Austria,AT,AUT,2003,39815.2219533064
Austria,AT,AUT,2002,39636.4826114521
Austria,AT,AUT,2001,39184.8085972636
Austria,AT,AUT,2000,38842.8905195831
Austria,AT,AUT,1999,37664.9432792116
Austria,AT,AUT,1998,36442.2882333384
Austria,AT,AUT,1997,35220.8877426259
Austria,AT,AUT,1996,34537.7395746518
Austria,AT,AUT,1995,33790.4849857504
Austria,AT,AUT,1994,32962.8174189767
Austria,AT,AUT,1993,32313.7118722637
Austria,AT,AUT,1992,32410.53977326
Austria,AT,AUT,1991,32097.2410936755
Austria,AT,AUT,1990,31340.6812927165
Austria,AT,AUT,1989,30265.1932308117
Austria,AT,AUT,1988,29264.3235778252
Austria,AT,AUT,1987,28370.7178819139
Austria,AT,AUT,1986,28008.5545890344
Austria,AT,AUT,1985,27395.8726479906
Austria,AT,AUT,1984,26740.5772417596
Austria,AT,AUT,1983,26725.1907228527
Austria,AT,AUT,1982,25911.6609400039
Austria,AT,AUT,1981,25419.0096476102
Austria,AT,AUT,1980,25520.74055574
Austria,AT,AUT,1979,25086.400193858
Austria,AT,AUT,1978,23770.3662432365
Austria,AT,AUT,1977,23801.2675449624
Austria,AT,AUT,1976,22659.317777419
Austria,AT,AUT,1975,21629.0463028275
Austria,AT,AUT,1974,21650.4867976498
Austria,AT,AUT,1973,20864.8474583279
Austria,AT,AUT,1972,20002.5561105758
Austria,AT,AUT,1971,18943.1811467755
Austria,AT,AUT,1970,18101.9919477322
Austria,AT,AUT,1969,17085.3299659169
Austria,AT,AUT,1968,16132.0095204536
Austria,AT,AUT,1967,15521.8096470115
Austria,AT,AUT,1966,15181.5887613761
Austria,AT,AUT,1965,14471.8213231195
Austria,AT,AUT,1964,14076.2761631952
Austria,AT,AUT,1963,13352.6511315776
Austria,AT,AUT,1962,12904.669883596
Austria,AT,AUT,1961,12648.9746969392
Austria,AT,AUT,1960,12051.1511700385
Belgium,BE,BEL,2021,42901.4320595797
Belgium,BE,BEL,2020,40612.3924560653
Belgium,BE,BEL,2019,43098.4847198889
Belgium,BE,BEL,2018,42382.3182763247
Belgium,BE,BEL,2017,41825.7628316432
Belgium,BE,BEL,2016,41318.0196388476
Belgium,BE,BEL,2015,41008.296719472
Belgium,BE,BEL,2014,40421.4207919096
Belgium,BE,BEL,2013,39970.3174974794
Belgium,BE,BEL,2012,39975.5736402458
Belgium,BE,BEL,2011,39929.0951439359
Belgium,BE,BEL,2010,39777.9252767366
Belgium,BE,BEL,2009,39025.2207908291
Belgium,BE,BEL,2008,40151.8498740394
Belgium,BE,BEL,2007,40290.2277563956
Belgium,BE,BEL,2006,39147.7635597291
Belgium,BE,BEL,2005,38426.0519083731
Belgium,BE,BEL,2004,37761.2813189981
Belgium,BE,BEL,2003,36617.3803840227
Belgium,BE,BEL,2002,36393.2417665704
Belgium,BE,BEL,2001,35943.2379602838
Belgium,BE,BEL,2000,35674.7912530713
Belgium,BE,BEL,1999,34479.9064484695
Belgium,BE,BEL,1998,33376.5748398965
Belgium,BE,BEL,1997,32804.3605402361
Belgium,BE,BEL,1996,31681.9363634502
Belgium,BE,BEL,1995,31329.892072751
Belgium,BE,BEL,1994,30664.3078546408
Belgium,BE,BEL,1993,29797.4063198776
Belgium,BE,BEL,1992,30204.5637515713
Belgium,BE,BEL,1991,29870.1477747077
Belgium,BE,BEL,1990,29441.6621481593
Belgium,BE,BEL,1989,28631.3190930238
Belgium,BE,BEL,1988,27772.0520454683
Belgium,BE,BEL,1987,26603.9280981301
Belgium,BE,BEL,1986,26026.2804981502
Belgium,BE,BEL,1985,25569.4893301131
Belgium,BE,BEL,1984,25161.4909793831
Belgium,BE,BEL,1983,24555.480969759
Belgium,BE,BEL,1982,24477.1998826276
Belgium,BE,BEL,1981,24325.8132752066
Belgium,BE,BEL,1980,24393.2981775195
Belgium,BE,BEL,1979,23381.1272443226
Belgium,BE,BEL,1978,22866.8232310329
Belgium,BE,BEL,1977,22255.6844094244
Belgium,BE,BEL,1976,22144.5236139589
Belgium,BE,BEL,1975,20997.2068325293
Belgium,BE,BEL,1974,21480.261317053
Belgium,BE,BEL,1973,20607.1809135777
Belgium,BE,BEL,1972,19432.03103295
Belgium,BE,BEL,1971,18527.1487401867
Belgium,BE,BEL,1970,17849.4947135456
Belgium,BE,BEL,1969,16922.3543777831
Belgium,BE,BEL,1968,15915.1956538995
Belgium,BE,BEL,1967,15334.7678862416
Belgium,BE,BEL,1966,14846.0973473565
Belgium,BE,BEL,1965,14489.4450965924
Belgium,BE,BEL,1964,14118.902318486
Belgium,BE,BEL,1963,13326.1132693154
Belgium,BE,BEL,1962,12866.2287658556
Belgium,BE,BEL,1961,12277.6347194523
Belgium,BE,BEL,1960,11734.306170839
Bulgaria,BG,BGR,2021,8633.98229147066
Bulgaria,BG,BGR,2020,7956.46908962689
Bulgaria,BG,BGR,2019,8234.83966944834
Bulgaria,BG,BGR,2018,7859.6921556743
Bulgaria,BG,BGR,2017,7599.12495683519
Bulgaria,BG,BGR,2016,7341.04761379451
Bulgaria,BG,BGR,2015,7074.68102325059
Bulgaria,BG,BGR,2014,6796.68911922266
Bulgaria,BG,BGR,2013,6693.45015260161
Bulgaria,BG,BGR,2012,6693.61236429071
Bulgaria,BG,BGR,2011,6605.08982045823
Bulgaria,BG,BGR,2010,6427.81006212601
Bulgaria,BG,BGR,2009,6288.67740963612
Bulgaria,BG,BGR,2008,6464.67265403586
Bulgaria,BG,BGR,2007,6048.69609187226
Bulgaria,BG,BGR,2006,5629.75831393618
Bulgaria,BG,BGR,2005,5231.29820427443
Bulgaria,BG,BGR,2004,4849.83439967398
Bulgaria,BG,BGR,2003,4519.14992092151
Bulgaria,BG,BGR,2002,4260.37221454478
Bulgaria,BG,BGR,2001,3937.67150224538
Bulgaria,BG,BGR,2000,3717.90048242716
Bulgaria,BG,BGR,1999,3537.31842905104
Bulgaria,BG,BGR,1998,3839.94747773847
Bulgaria,BG,BGR,1997,3675.15273864966
Bulgaria,BG,BGR,1996,4253.20220185448
Bulgaria,BG,BGR,1995,4021.96452989335
Bulgaria,BG,BGR,1994,3892.71107002069
Bulgaria,BG,BGR,1993,3810.24372212006
Bulgaria,BG,BGR,1992,3836.76395475034
Bulgaria,BG,BGR,1991,4093.47667850379
Bulgaria,BG,BGR,1990,4427.01071363047
Bulgaria,BG,BGR,1989,4784.05464613583
Bulgaria,BG,BGR,1988,4889.25631992299
Bulgaria,BG,BGR,1987,4411.8862225923
Bulgaria,BG,BGR,1986,4166.1416695377
Bulgaria,BG,BGR,1985,3996.86480200571
Bulgaria,BG,BGR,1984,3892.35683500023
Bulgaria,BG,BGR,1983,3773.31598438984
Bulgaria,BG,BGR,1982,3657.28776629272
Bulgaria,BG,BGR,1981,3584.44137344303
Bulgaria,BG,BGR,1980,3428.40951178545
Bulgaria,BG,BGR,1979,
Bulgaria,BG,BGR,1978,
Bulgaria,BG,BGR,1977,
Bulgaria,BG,BGR,1976,
Bulgaria,BG,BGR,1975,
Bulgaria,BG,BGR,1974,
Bulgaria,BG,BGR,1973,
Bulgaria,BG,BGR,1972,
Bulgaria,BG,BGR,1971,
Bulgaria,BG,BGR,1970,
Bulgaria,BG,BGR,1969,
Bulgaria,BG,BGR,1968,
Bulgaria,BG,BGR,1967,
Bulgaria,BG,BGR,1966,
Bulgaria,BG,BGR,1965,
Bulgaria,BG,BGR,1964,
Bulgaria,BG,BGR,1963,
Bulgaria,BG,BGR,1962,
Bulgaria,BG,BGR,1961,
Bulgaria,BG,BGR,1960,
Cyprus,CY,CYP,2021,28329.203125
Cyprus,CY,CYP,2020,26814.21484375
Cyprus,CY,CYP,2019,28359.919921875
Cyprus,CY,CYP,2018,27241.0078125
Cyprus,CY,CYP,2017,26101.181640625
Cyprus,CY,CYP,2016,24916.51953125
Cyprus,CY,CYP,2015,23487.125
Cyprus,CY,CYP,2014,22581.7265625
Cyprus,CY,CYP,2013,22738.390625
Cyprus,CY,CYP,2012,24285.388671875
Cyprus,CY,CYP,2011,25538.669921875
Cyprus,CY,CYP,2010,26089.93359375
Cyprus,CY,CYP,2009,26183.34765625
Cyprus,CY,CYP,2008,27448.921875
Cyprus,CY,CYP,2007,27156.564453125
Cyprus,CY,CYP,2006,26395.294921875
Cyprus,CY,CYP,2005,25631.154296875
Cyprus,CY,CYP,2004,24799.439453125
Cyprus,CY,CYP,2003,23930.564453125
Cyprus,CY,CYP,2002,23603.9765625
Cyprus,CY,CYP,2001,23019.046875
Cyprus,CY,CYP,2000,22383.767578125
Cyprus,CY,CYP,1999,21349.560546875
Cyprus,CY,CYP,1998,20562.11328125
Cyprus,CY,CYP,1997,19617.015625
Cyprus,CY,CYP,1996,19385.126953125
Cyprus,CY,CYP,1995,19453.677734375
Cyprus,CY,CYP,1994,18280.86328125
Cyprus,CY,CYP,1993,17623.1328125
Cyprus,CY,CYP,1992,17928.384765625
Cyprus,CY,CYP,1991,16829.765625
Cyprus,CY,CYP,1990,17144.3203125
Cyprus,CY,CYP,1989,16306.1875
Cyprus,CY,CYP,1988,15322.5546875
Cyprus,CY,CYP,1987,14253.4345703125
Cyprus,CY,CYP,1986,13458.41015625
Cyprus,CY,CYP,1985,13127.4140625
Cyprus,CY,CYP,1984,12669.3857421875
Cyprus,CY,CYP,1983,11801.0908203125
Cyprus,CY,CYP,1982,11269.71875
Cyprus,CY,CYP,1981,10756.1640625
Cyprus,CY,CYP,1980,10667.7470703125
Cyprus,CY,CYP,1979,10197.5732421875
Cyprus,CY,CYP,1978,9350.9091796875
Cyprus,CY,CYP,1977,8708.375
Cyprus,CY,CYP,1976,7484.767578125
Cyprus,CY,CYP,1975,6173.26513671875
Cyprus,CY,CYP,1974,
Cyprus,CY,CYP,1973,
Cyprus,CY,CYP,1972,
Cyprus,CY,CYP,1971,
Cyprus,CY,CYP,1970,
Cyprus,CY,CYP,1969,
Cyprus,CY,CYP,1968,
Cyprus,CY,CYP,1967,
Cyprus,CY,CYP,1966,
Cyprus,CY,CYP,1965,
Cyprus,CY,CYP,1964,
Cyprus,CY,CYP,1963,
Cyprus,CY,CYP,1962,
Cyprus,CY,CYP,1961,
Cyprus,CY,CYP,1960,
Czechia,CZ,CZE,2021,20083.8096038696
Czechia,CZ,CZE,2020,19048.0868543829
Czechia,CZ,CZE,2019,20206.4256384905
Czechia,CZ,CZE,2018,19689.5827032979
Czechia,CZ,CZE,2017,19139.2398841383
Czechia,CZ,CZE,2016,18247.0117295456
Czechia,CZ,CZE,2015,17829.6983223668
Czechia,CZ,CZE,2014,16951.3791150445
Czechia,CZ,CZE,2013,16593.8642307285
Czechia,CZ,CZE,2012,16606.9925391504
Czechia,CZ,CZE,2011,16761.8273125123
Czechia,CZ,CZE,2010,16505.9537034372
Czechia,CZ,CZE,2009,16160.6205565942
Czechia,CZ,CZE,2008,17046.8850268926
Czechia,CZ,CZE,2007,16739.1787158121
Czechia,CZ,CZE,2006,15948.7452897204
Czechia,CZ,CZE,2005,14978.4131869153
Czechia,CZ,CZE,2004,14070.2804589818
Czechia,CZ,CZE,2003,13428.099616179
Czechia,CZ,CZE,2002,12959.8174813078
Czechia,CZ,CZE,2001,12734.9220286548
Czechia,CZ,CZE,2000,12312.497769842
Czechia,CZ,CZE,1999,11805.6718407762
Czechia,CZ,CZE,1998,11632.6028956161
Czechia,CZ,CZE,1997,11663.17381617
Czechia,CZ,CZE,1996,11711.3154124611
Czechia,CZ,CZE,1995,11219.1500652457
Czechia,CZ,CZE,1994,10527.8756898085
Czechia,CZ,CZE,1993,10233.9421858953
Czechia,CZ,CZE,1992,10238.2476845601
Czechia,CZ,CZE,1991,10300.8991599512
Czechia,CZ,CZE,1990,11626.6258716528
Czechia,CZ,CZE,1989,
Czechia,CZ,CZE,1988,
Czechia,CZ,CZE,1987,
Czechia,CZ,CZE,1986,
Czechia,CZ,CZE,1985,
Czechia,CZ,CZE,1984,
Czechia,CZ,CZE,1983,
Czechia,CZ,CZE,1982,
Czechia,CZ,CZE,1981,
Czechia,CZ,CZE,1980,
Czechia,CZ,CZE,1979,
Czechia,CZ,CZE,1978,
Czechia,CZ,CZE,1977,
Czechia,CZ,CZE,1976,
Czechia,CZ,CZE,1975,
Czechia,CZ,CZE,1974,
Czechia,CZ,CZE,1973,
Czechia,CZ,CZE,1972,
Czechia,CZ,CZE,1971,
Czechia,CZ,CZE,1970,
Czechia,CZ,CZE,1969,
Czechia,CZ,CZE,1968,
Czechia,CZ,CZE,1967,
Czechia,CZ,CZE,1966,
Czechia,CZ,CZE,1965,
Czechia,CZ,CZE,1964,
Czechia,CZ,CZE,1963,
Czechia,CZ,CZE,1962,
Czechia,CZ,CZE,1961,
Czechia,CZ,CZE,1960,
Germany,DE,DEU,2021,42726.485322007
Germany,DE,DEU,2020,41650.4227126493
Germany,DE,DEU,2019,43284.6024553493
Germany,DE,DEU,2018,42928.7412368012
Germany,DE,DEU,2017,42639.5544087286
Germany,DE,DEU,2016,41682.0322433511
Germany,DE,DEU,2015,41103.2564363768
Germany,DE,DEU,2014,40851.1617304855
Germany,DE,DEU,2013,40135.0158319837
Germany,DE,DEU,2012,40069.3539560742
Germany,DE,DEU,2011,39977.3417095357
Germany,DE,DEU,2010,37760.9136283996
Germany,DE,DEU,2009,36190.3928860698
Germany,DE,DEU,2008,38278.3130082531
Germany,DE,DEU,2007,37842.3577913563
Germany,DE,DEU,2006,36699.446781036
Germany,DE,DEU,2005,35310.4704669272
Germany,DE,DEU,2004,35034.0806086181
Germany,DE,DEU,2003,34619.6640670185
Germany,DE,DEU,2002,34883.0580735445
Germany,DE,DEU,2001,35011.068457503
Germany,DE,DEU,2000,34490.0757688619
Germany,DE,DEU,1999,33559.3993737499
Germany,DE,DEU,1998,32959.0735691418
Germany,DE,DEU,1997,32313.2970704344
Germany,DE,DEU,1996,31790.8668596056
Germany,DE,DEU,1995,31628.1598130943
Germany,DE,DEU,1994,31238.8790596628
Germany,DE,DEU,1993,30615.1402117435
Germany,DE,DEU,1992,31121.0705650076
Germany,DE,DEU,1991,30766.9289577727
Germany,DE,DEU,1990,29485.7099744881
Germany,DE,DEU,1989,28256.1062209731
Germany,DE,DEU,1988,27407.5200661963
Germany,DE,DEU,1987,26531.229705288
Germany,DE,DEU,1986,26204.5895785314
Germany,DE,DEU,1985,25630.3329976336
Germany,DE,DEU,1984,24991.3336835112
Germany,DE,DEU,1983,24221.3403747435
Germany,DE,DEU,1982,23783.9454870064
Germany,DE,DEU,1981,23855.5258569738
Germany,DE,DEU,1980,23766.107651563
Germany,DE,DEU,1979,23484.5991918307
Germany,DE,DEU,1978,22558.714790358
Germany,DE,DEU,1977,21880.8076281356
Germany,DE,DEU,1976,21124.2556950912
Germany,DE,DEU,1975,20041.9479922639
Germany,DE,DEU,1974,20141.9394753194
Germany,DE,DEU,1973,19972.0254072346
Germany,DE,DEU,1972,19121.4978922895
Germany,DE,DEU,1971,18421.0421814761
Germany,DE,DEU,1970,17894.2966855025
Germany,DE,DEU,1969,
Germany,DE,DEU,1968,
Germany,DE,DEU,1967,
Germany,DE,DEU,1966,
Germany,DE,DEU,1965,
Germany,DE,DEU,1964,
Germany,DE,DEU,1963,
Germany,DE,DEU,1962,
Germany,DE,DEU,1961,
Germany,DE,DEU,1960,
Denmark,DK,DNK,2021,58359.5839945633
Denmark,DK,DNK,2020,55898.7900294456
Denmark,DK,DNK,2019,57203.0277943447
Denmark,DK,DNK,2018,56563.4884729669
Denmark,DK,DNK,2017,55735.7649011485
Denmark,DK,DNK,2016,54556.0689545694
Denmark,DK,DNK,2015,53254.8563700916
Denmark,DK,DNK,2014,52404.7639713382
Denmark,DK,DNK,2013,51831.7979309232
Denmark,DK,DNK,2012,51567.0401502519
Denmark,DK,DNK,2011,51644.4635097775
Denmark,DK,DNK,2010,51173.4661587111
Denmark,DK,DNK,2009,50457.2324892863
Denmark,DK,DNK,2008,53345.3576182976
Denmark,DK,DNK,2007,53935.8702479631
Denmark,DK,DNK,2006,53687.4415474978
Denmark,DK,DNK,2005,51835.8327062445
Denmark,DK,DNK,2004,50792.00095345
Denmark,DK,DNK,2003,49599.9969640753
Denmark,DK,DNK,2002,49541.8555503286
Denmark,DK,DNK,2001,49469.6888088275
Denmark,DK,DNK,2000,49241.9280041345
Denmark,DK,DNK,1999,47622.4390779319
Denmark,DK,DNK,1998,46412.038971456
Denmark,DK,DNK,1997,45570.0798221242
Denmark,DK,DNK,1996,44314.7904987137
Denmark,DK,DNK,1995,43310.2500901054
Denmark,DK,DNK,1994,42257.0983305221
Denmark,DK,DNK,1993,40253.5398981286
Denmark,DK,DNK,1992,40383.5587756081
Denmark,DK,DNK,1991,39739.6098511225
Denmark,DK,DNK,1990,39295.2434424919
Denmark,DK,DNK,1989,38786.930952318
Denmark,DK,DNK,1988,38561.4119234317
Denmark,DK,DNK,1987,38585.402852645
Denmark,DK,DNK,1986,38536.322876642
Denmark,DK,DNK,1985,36783.9410443123
Denmark,DK,DNK,1984,35382.234592759
Denmark,DK,DNK,1983,33949.3314179257
Denmark,DK,DNK,1982,33067.5698057741
Denmark,DK,DNK,1981,31869.0422345814
Denmark,DK,DNK,1980,32073.6413237087
Denmark,DK,DNK,1979,32268.5203006998
Denmark,DK,DNK,1978,31142.924578691
Denmark,DK,DNK,1977,30559.4558828137
Denmark,DK,DNK,1976,30091.9728338229
Denmark,DK,DNK,1975,28480.3554790863
Denmark,DK,DNK,1974,28984.7792237673
Denmark,DK,DNK,1973,29450.5970790465
Denmark,DK,DNK,1972,28464.1397778596
Denmark,DK,DNK,1971,27545.0669177612
Denmark,DK,DNK,1970,26927.9590369218
Denmark,DK,DNK,1969,26704.6332242614
Denmark,DK,DNK,1968,25211.6295441511
Denmark,DK,DNK,1967,24031.1274153613
Denmark,DK,DNK,1966,22952.0113025231
Denmark,DK,DNK,1965,22519.8115263793
Denmark,DK,DNK,1964,21707.1637228444
Denmark,DK,DNK,1963,20025.0367527905
Denmark,DK,DNK,1962,20055.6436817272
Denmark,DK,DNK,1961,19128.4044219207
Denmark,DK,DNK,1960,18107.3759290293
Spain,ES,ESP,2021,26125.8716662745
Spain,ES,ESP,2020,24785.446714692
Spain,ES,ESP,2019,28087.8979203438
Spain,ES,ESP,2018,27739.8647682529
Spain,ES,ESP,2017,27239.3524364815
Spain,ES,ESP,2016,26514.3248119679
Spain,ES,ESP,2015,25754.36102944
Spain,ES,ESP,2014,24783.0829468685
Spain,ES,ESP,2013,24368.9682370919
Spain,ES,ESP,2012,24634.9620884239
Spain,ES,ESP,2011,25402.6050717462
Spain,ES,ESP,2010,25702.3468448149
Spain,ES,ESP,2009,25778.9564650653
Spain,ES,ESP,2008,27025.2949432871
Spain,ES,ESP,2007,27218.4492597353
Spain,ES,ESP,2006,26762.2672557942
Spain,ES,ESP,2005,26145.8085786196
Spain,ES,ESP,2004,25654.3365515924
Spain,ES,ESP,2003,25310.4563874129
Spain,ES,ESP,2002,25026.0864710207
Spain,ES,ESP,2001,24707.3670736861
Spain,ES,ESP,2000,23937.9685518675
Spain,ES,ESP,1999,22846.7177460286
Spain,ES,ESP,1998,21953.667519614
Spain,ES,ESP,1997,21117.0185808291
Spain,ES,ESP,1996,20448.6014871574
Spain,ES,ESP,1995,20001.790799896
Spain,ES,ESP,1994,19551.1452944731
Spain,ES,ESP,1993,19187.1823103537
Spain,ES,ESP,1992,19487.9512119662
Spain,ES,ESP,1991,19403.3303796801
Spain,ES,ESP,1990,18969.8086426392
Spain,ES,ESP,1989,18297.2443971757
Spain,ES,ESP,1988,17482.0869882871
Spain,ES,ESP,1987,16669.9770385052
Spain,ES,ESP,1986,15834.8828670987
Spain,ES,ESP,1985,15381.8445670239
Spain,ES,ESP,1984,15087.438954457
Spain,ES,ESP,1983,14884.5774725596
Spain,ES,ESP,1982,14697.1136411382
Spain,ES,ESP,1981,14603.5909310161
Spain,ES,ESP,1980,14727.283522557
Spain,ES,ESP,1979,14525.1922827734
Spain,ES,ESP,1978,14647.7246126266
Spain,ES,ESP,1977,14576.1951146606
Spain,ES,ESP,1976,14320.4804389576
Spain,ES,ESP,1975,14009.7754794436
Spain,ES,ESP,1974,14085.7110758222
Spain,ES,ESP,1973,13482.8822077544
Spain,ES,ESP,1972,12647.6294952165
Spain,ES,ESP,1971,11824.3924635801
Spain,ES,ESP,1970,11436.0331188603
Spain,ES,ESP,1969,11088.1616945848
Spain,ES,ESP,1968,10282.1364767468
Spain,ES,ESP,1967,9772.76322009005
Spain,ES,ESP,1966,9482.21611422722
Spain,ES,ESP,1965,8932.55704709902
Spain,ES,ESP,1964,8498.64737489621
Spain,ES,ESP,1963,8150.83139574788
Spain,ES,ESP,1962,7502.64123248001
Spain,ES,ESP,1961,6886.53906136078
Spain,ES,ESP,1960,6215.03628303374
Estonia,EE,EST,2021,21707.2407508041
Estonia,EE,EST,2020,20118.1050729983
Estonia,EE,EST,2019,20269.575137379
Estonia,EE,EST,2018,19611.6109936281
Estonia,EE,EST,2017,18962.4103006448
Estonia,EE,EST,2016,17945.9449641749
Estonia,EE,EST,2015,17402.0376128079
Estonia,EE,EST,2014,17096.6445771582
Estonia,EE,EST,2013,16553.383261103
Estonia,EE,EST,2012,16257.4722043516
Estonia,EE,EST,2011,15692.788829336
Estonia,EE,EST,2010,14585.8386603429
Estonia,EE,EST,2009,14205.3948829766
Estonia,EE,EST,2008,16607.5680643985
Estonia,EE,EST,2007,17459.0983144278
Estonia,EE,EST,2006,16155.2074300393
Estonia,EE,EST,2005,14631.3873257137
Estonia,EE,EST,2004,13282.545519845
Estonia,EE,EST,2003,12362.2482843024
Estonia,EE,EST,2002,11417.1679687727
Estonia,EE,EST,2001,10625.5792686752
Estonia,EE,EST,2000,9960.13903877452
Estonia,EE,EST,1999,9091.33319428774
Estonia,EE,EST,1998,9157.06484706853
Estonia,EE,EST,1997,8692.29643761449
Estonia,EE,EST,1996,7601.66901867365
Estonia,EE,EST,1995,7137.53077576403
Estonia,EE,EST,1994,
Estonia,EE,EST,1993,
Estonia,EE,EST,1992,
Estonia,EE,EST,1991,
Estonia,EE,EST,1990,
Estonia,EE,EST,1989,
Estonia,EE,EST,1988,
Estonia,EE,EST,1987,
Estonia,EE,EST,1986,
Estonia,EE,EST,1985,
Estonia,EE,EST,1984,
Estonia,EE,EST,1983,
Estonia,EE,EST,1982,
Estonia,EE,EST,1981,
Estonia,EE,EST,1980,
Estonia,EE,EST,1979,
Estonia,EE,EST,1978,
Estonia,EE,EST,1977,
Estonia,EE,EST,1976,
Estonia,EE,EST,1975,
Estonia,EE,EST,1974,
Estonia,EE,EST,1973,
Estonia,EE,EST,1972,
Estonia,EE,EST,1971,
Estonia,EE,EST,1970,
Estonia,EE,EST,1969,
Estonia,EE,EST,1968,
Estonia,EE,EST,1967,
Estonia,EE,EST,1966,
Estonia,EE,EST,1965,
Estonia,EE,EST,1964,
Estonia,EE,EST,1963,
Estonia,EE,EST,1962,
Estonia,EE,EST,1961,
Estonia,EE,EST,1960,
Finland,FI,FIN,2021,46297.2418204236
Finland,FI,FIN,2020,45053.758678116
Finland,FI,FIN,2019,46135.8814242631
Finland,FI,FIN,2018,45627.9198947233
Finland,FI,FIN,2017,45173.6294067199
Finland,FI,FIN,2016,43878.9667273579
Finland,FI,FIN,2015,42801.9081167285
Finland,FI,FIN,2014,42710.9212889729
Finland,FI,FIN,2013,43044.9971201474
Finland,FI,FIN,2012,43637.2486713657
Finland,FI,FIN,2011,44466.8176978572
Finland,FI,FIN,2010,43563.5721974365
Finland,FI,FIN,2009,42412.0978494183
Finland,FI,FIN,2008,46358.6204112971
Finland,FI,FIN,2007,46212.6409741216
Finland,FI,FIN,2006,44074.0309204141
Finland,FI,FIN,2005,42530.6196771877
Finland,FI,FIN,2004,41522.1750841224
Finland,FI,FIN,2003,40044.3048555829
Finland,FI,FIN,2002,39351.3903956183
Finland,FI,FIN,2001,38784.7725522584
Finland,FI,FIN,2000,37884.3913209153
Finland,FI,FIN,1999,35891.0056383953
Finland,FI,FIN,1998,34464.9908824671
Finland,FI,FIN,1997,32768.3781282619
Finland,FI,FIN,1996,30908.3003090879
Finland,FI,FIN,1995,29912.8979739158
Finland,FI,FIN,1994,28812.303619992
Finland,FI,FIN,1993,27833.7025701733
Finland,FI,FIN,1992,28155.0895566487
Finland,FI,FIN,1991,29278.3636555028
Finland,FI,FIN,1990,31279.9519664591
Finland,FI,FIN,1989,31209.7581140566
Finland,FI,FIN,1988,29806.3433292906
Finland,FI,FIN,1987,28410.8750981037
Finland,FI,FIN,1986,27508.199993585
Finland,FI,FIN,1985,26857.5936382327
Finland,FI,FIN,1984,26045.5138711526
Finland,FI,FIN,1983,25363.8552151954
Finland,FI,FIN,1982,24744.2967772251
Finland,FI,FIN,1981,24133.242113004
Finland,FI,FIN,1980,23921.6145223365
Finland,FI,FIN,1979,22769.1072735656
Finland,FI,FIN,1978,21309.7127150633
Finland,FI,FIN,1977,20764.7166189384
Finland,FI,FIN,1976,20773.1309102233
Finland,FI,FIN,1975,20764.3369697856
Finland,FI,FIN,1974,20486.9386386163
Finland,FI,FIN,1973,19948.8274409539
Finland,FI,FIN,1972,18752.7791597409
Finland,FI,FIN,1971,17510.2265992012
Finland,FI,FIN,1970,17128.6307481716
Finland,FI,FIN,1969,16280.1982852207
Finland,FI,FIN,1968,14846.4872428791
Finland,FI,FIN,1967,14577.530893058
Finland,FI,FIN,1966,14345.5590620831
Finland,FI,FIN,1965,14065.6736797713
Finland,FI,FIN,1964,13401.9566364657
Finland,FI,FIN,1963,12805.86258029
Finland,FI,FIN,1962,12486.5232001728
Finland,FI,FIN,1961,12207.6935506106
Finland,FI,FIN,1960,11425.2934343628
France,FR,FRA,2021,38045.9021613006
France,FR,FRA,2020,35712.0751986828
France,FR,FRA,2019,38832.0242014303
France,FR,FRA,2018,38259.6977698474
France,FR,FRA,2017,37694.0833027304
France,FR,FRA,2016,36956.7958003293
France,FR,FRA,2015,36652.9223052178
France,FR,FRA,2014,36378.6186614699
France,FR,FRA,2013,36203.1908693774
France,FR,FRA,2012,36182.1511275816
France,FR,FRA,2011,36244.1871625918
France,FR,FRA,2010,35638.1215603451
France,FR,FRA,2009,35129.3622360858
France,FR,FRA,2008,36354.6586641081
France,FR,FRA,2007,36464.9592682158
France,FR,FRA,2006,35821.8719947773
France,FR,FRA,2005,35208.855797143
France,FR,FRA,2004,34893.5298119974
France,FR,FRA,2003,34183.6633444538
France,FR,FRA,2002,34146.3062683243
France,FR,FRA,2001,34009.8623977368
France,FR,FRA,2000,33592.4668300573
France,FR,FRA,1999,32546.9340522187
France,FR,FRA,1998,31633.1477495769
France,FR,FRA,1997,30650.7444765253
France,FR,FRA,1996,30057.9655533345
France,FR,FRA,1995,29745.1287289494
France,FR,FRA,1994,29237.5165854431
France,FR,FRA,1993,28670.8863286782
France,FR,FRA,1992,28977.8889025406
France,FR,FRA,1991,28664.1318783352
France,FR,FRA,1990,28617.4435701151
France,FR,FRA,1989,27938.4697567247
France,FR,FRA,1988,26912.1812064054
France,FR,FRA,1987,25830.2389767847
France,FR,FRA,1986,25319.3150945387
France,FR,FRA,1985,24870.505820141
France,FR,FRA,1984,24600.9923558634
France,FR,FRA,1983,24356.6592918128
France,FR,FRA,1982,24187.0947668643
France,FR,FRA,1981,23733.5935655434
France,FR,FRA,1980,23618.3996174718
France,FR,FRA,1979,23378.2949932212
France,FR,FRA,1978,22687.6115069004
France,FR,FRA,1977,21925.8324016685
France,FR,FRA,1976,21291.988987842
France,FR,FRA,1975,20498.348081584
France,FR,FRA,1974,20813.444898838
France,FR,FRA,1973,20091.194013856
France,FR,FRA,1972,19041.7683954921
France,FR,FRA,1971,18377.8474151104
France,FR,FRA,1970,17605.6389691523
France,FR,FRA,1969,16738.1676626458
France,FR,FRA,1968,15767.2833368207
France,FR,FRA,1967,15234.3646960717
France,FR,FRA,1966,14670.5005053054
France,FR,FRA,1965,14089.584548366
France,FR,FRA,1964,13587.6716700526
France,FR,FRA,1963,12884.0170413058
France,FR,FRA,1962,12257.7593043478
France,FR,FRA,1961,11598.6795279916
France,FR,FRA,1960,11169.6472407002
Greece,GR,GRC,2021,18907.8491448015
Greece,GR,GRC,2020,17343.6099878902
Greece,GR,GRC,2019,19018.9021220823
Greece,GR,GRC,2018,18647.4957207515
Greece,GR,GRC,2017,18304.3076770645
Greece,GR,GRC,2016,18070.7807322854
Greece,GR,GRC,2015,18083.8779056547
Greece,GR,GRC,2014,18000.4184639065
Greece,GR,GRC,2013,17796.2576680722
Greece,GR,GRC,2012,18123.6710971914
Greece,GR,GRC,2011,19400.8077326583
Greece,GR,GRC,2010,21560.3533533658
Greece,GR,GRC,2009,22839.3475325728
Greece,GR,GRC,2008,23928.6057241782
Greece,GR,GRC,2007,24072.8961576219
Greece,GR,GRC,2006,23369.2517158341
Greece,GR,GRC,2005,22185.5206802753
Greece,GR,GRC,2004,22118.1557970506
Greece,GR,GRC,2003,21104.832913793
Greece,GR,GRC,2002,19996.5518133575
Greece,GR,GRC,2001,19312.3868295662
Greece,GR,GRC,2000,18642.8020738579
Greece,GR,GRC,1999,18013.1412714363
Greece,GR,GRC,1998,17543.3138315666
Greece,GR,GRC,1997,16979.476405287
Greece,GR,GRC,1996,16331.1176711674
Greece,GR,GRC,1995,15946.8242449648
Greece,GR,GRC,1994,15692.0133830122
Greece,GR,GRC,1993,15461.5498278134
Greece,GR,GRC,1992,15805.6629238098
Greece,GR,GRC,1991,15816.1488966121
Greece,GR,GRC,1990,15525.8414521802
Greece,GR,GRC,1989,15690.946756009
Greece,GR,GRC,1988,15195.6108487446
Greece,GR,GRC,1987,14623.850847543
Greece,GR,GRC,1986,15011.9277135902
Greece,GR,GRC,1985,14984.0966193152
Greece,GR,GRC,1984,14674.1355077884
Greece,GR,GRC,1983,14456.7534308793
Greece,GR,GRC,1982,14699.6508220897
Greece,GR,GRC,1981,14959.9924488746
Greece,GR,GRC,1980,15332.9607011716
Greece,GR,GRC,1979,15380.1623472816
Greece,GR,GRC,1978,15078.2272597164
Greece,GR,GRC,1977,14242.8455926406
Greece,GR,GRC,1976,14017.1274629942
Greece,GR,GRC,1975,13323.622021873
Greece,GR,GRC,1974,12644.2398272488
Greece,GR,GRC,1973,13564.1737836453
Greece,GR,GRC,1972,12605.803850874
Greece,GR,GRC,1971,11517.7883984607
Greece,GR,GRC,1970,10726.7618683719
Greece,GR,GRC,1969,9903.04739387073
Greece,GR,GRC,1968,8909.08449498237
Greece,GR,GRC,1967,8364.66312395018
Greece,GR,GRC,1966,7980.60482744045
Greece,GR,GRC,1965,7549.40736621994
Greece,GR,GRC,1964,6847.4691017883
Greece,GR,GRC,1963,6281.29445901076
Greece,GR,GRC,1962,5636.94576745113
Greece,GR,GRC,1961,5650.01778015424
Greece,GR,GRC,1960,5030.74356154496
Croatia,HR,HRV,2021,15166.41328825
Croatia,HR,HRV,2020,12920.3443843408
Croatia,HR,HRV,2019,14071.9114694775
Croatia,HR,HRV,2018,13531.2435029842
Croatia,HR,HRV,2017,13045.5193626136
Croatia,HR,HRV,2016,12464.4835228917
Croatia,HR,HRV,2015,11952.3111753908
Croatia,HR,HRV,2014,11562.5750919826
Croatia,HR,HRV,2013,11565.2280592202
Croatia,HR,HRV,2012,11579.1276366176
Croatia,HR,HRV,2011,11819.377265251
Croatia,HR,HRV,2010,11788.8503191383
Croatia,HR,HRV,2009,11907.8670352057
Croatia,HR,HRV,2008,12817.378074954
Croatia,HR,HRV,2007,12564.3346357853
Croatia,HR,HRV,2006,11963.2916296618
Croatia,HR,HRV,2005,11408.5760540598
Croatia,HR,HRV,2004,10956.223307142
Croatia,HR,HRV,2003,10522.174682112
Croatia,HR,HRV,2002,9970.44171500607
Croatia,HR,HRV,2001,9432.65857833887
Croatia,HR,HRV,2000,8805.85839996229
Croatia,HR,HRV,1999,8476.6445905627
Croatia,HR,HRV,1998,8503.55138868285
Croatia,HR,HRV,1997,8305.22044591226
Croatia,HR,HRV,1996,7784.2658588921
Croatia,HR,HRV,1995,7226.35292805261
Croatia,HR,HRV,1994,
Croatia,HR,HRV,1993,
Croatia,HR,HRV,1992,
Croatia,HR,HRV,1991,
Croatia,HR,HRV,1990,
Croatia,HR,HRV,1989,
Croatia,HR,HRV,1988,
Croatia,HR,HRV,1987,
Croatia,HR,HRV,1986,
Croatia,HR,HRV,1985,
Croatia,HR,HRV,1984,
Croatia,HR,HRV,1983,
Croatia,HR,HRV,1982,
Croatia,HR,HRV,1981,
Croatia,HR,HRV,1980,
Croatia,HR,HRV,1979,
Croatia,HR,HRV,1978,
Croatia,HR,HRV,1977,
Croatia,HR,HRV,1976,
Croatia,HR,HRV,1975,
Croatia,HR,HRV,1974,
Croatia,HR,HRV,1973,
Croatia,HR,HRV,1972,
Croatia,HR,HRV,1971,
Croatia,HR,HRV,1970,
Croatia,HR,HRV,1969,
Croatia,HR,HRV,1968,
Croatia,HR,HRV,1967,
Croatia,HR,HRV,1966,
Croatia,HR,HRV,1965,
Croatia,HR,HRV,1964,
Croatia,HR,HRV,1963,
Croatia,HR,HRV,1962,
Croatia,HR,HRV,1961,
Croatia,HR,HRV,1960,
Hungary,HU,HUN,2021,15518.7686622368
Hungary,HU,HUN,2020,14427.8188846629
Hungary,HU,HUN,2019,15082.6714945249
Hungary,HU,HUN,2018,14377.421963001
Hungary,HU,HUN,2017,13628.4044885706
Hungary,HU,HUN,2016,13035.3528590909
Hungary,HU,HUN,2015,12717.038597002
Hungary,HU,HUN,2014,12233.299367172
Hungary,HU,HUN,2013,11705.0092523564
Hungary,HU,HUN,2012,11466.1419094704
Hungary,HU,HUN,2011,11551.4989289342
Hungary,HU,HUN,2010,11307.7161991209
Hungary,HU,HUN,2009,11162.0559722742
Hungary,HU,HUN,2008,11932.0383995535
Hungary,HU,HUN,2007,11792.7712897392
Hungary,HU,HUN,2006,11741.9476769178
Hungary,HU,HUN,2005,11278.6160255559
Hungary,HU,HUN,2004,10792.7374278506
Hungary,HU,HUN,2003,10255.6101131603
Hungary,HU,HUN,2002,9825.94319858403
Hungary,HU,HUN,2001,9354.48075090137
Hungary,HU,HUN,2000,8967.69626924063
Hungary,HU,HUN,1999,8560.96909441129
Hungary,HU,HUN,1998,8282.39885965651
Hungary,HU,HUN,1997,7952.98313173573
Hungary,HU,HUN,1996,7695.11053742504
Hungary,HU,HUN,1995,7675.57817108924
Hungary,HU,HUN,1994,7552.40467422539
Hungary,HU,HUN,1993,7326.16050730217
Hungary,HU,HUN,1992,7360.21365612239
Hungary,HU,HUN,1991,7589.9019679997
Hungary,HU,HUN,1990,
Hungary,HU,HUN,1989,
Hungary,HU,HUN,1988,
Hungary,HU,HUN,1987,
Hungary,HU,HUN,1986,
Hungary,HU,HUN,1985,
Hungary,HU,HUN,1984,
Hungary,HU,HUN,1983,
Hungary,HU,HUN,1982,
Hungary,HU,HUN,1981,
Hungary,HU,HUN,1980,
Hungary,HU,HUN,1979,
Hungary,HU,HUN,1978,
Hungary,HU,HUN,1977,
Hungary,HU,HUN,1976,
Hungary,HU,HUN,1975,
Hungary,HU,HUN,1974,
Hungary,HU,HUN,1973,
Hungary,HU,HUN,1972,
Hungary,HU,HUN,1971,
Hungary,HU,HUN,1970,
Hungary,HU,HUN,1969,
Hungary,HU,HUN,1968,
Hungary,HU,HUN,1967,
Hungary,HU,HUN,1966,
Hungary,HU,HUN,1965,
Hungary,HU,HUN,1964,
Hungary,HU,HUN,1963,
Hungary,HU,HUN,1962,
Hungary,HU,HUN,1961,
Hungary,HU,HUN,1960,
Ireland,IE,IRL,2021,88966.6721604807
Ireland,IE,IRL,2020,79074.5401350894
Ireland,IE,IRL,2019,75239.3028933993
Ireland,IE,IRL,2018,72339.4218486536
Ireland,IE,IRL,2017,67486.2717956178
Ireland,IE,IRL,2016,62588.6682836096
Ireland,IE,IRL,2015,62053.9844381587
Ireland,IE,IRL,2014,50368.1377394965
Ireland,IE,IRL,2013,46698.5566546237
Ireland,IE,IRL,2012,46422.5257382515
Ireland,IE,IRL,2011,46622.2394918802
Ireland,IE,IRL,2010,46438.769693914
Ireland,IE,IRL,2009,45919.6827420934
Ireland,IE,IRL,2008,48879.2278726624
Ireland,IE,IRL,2007,52227.8955546037
Ireland,IE,IRL,2006,51049.0549651385
Ireland,IE,IRL,2005,49952.502935396
Ireland,IE,IRL,2004,48281.5083780917
Ireland,IE,IRL,2003,46046.6534802097
Ireland,IE,IRL,2002,45433.5788879325
Ireland,IE,IRL,2001,43631.696306926
Ireland,IE,IRL,2000,42098.2793673021
Ireland,IE,IRL,1999,38996.2066089031
Ireland,IE,IRL,1998,35681.1168207044
Ireland,IE,IRL,1997,33149.3348804669
Ireland,IE,IRL,1996,30159.3419045447
Ireland,IE,IRL,1995,28309.7756886634
Ireland,IE,IRL,1994,25954.7053539342
Ireland,IE,IRL,1993,24639.0371400531
Ireland,IE,IRL,1992,24113.2263065919
Ireland,IE,IRL,1991,23492.87181484
Ireland,IE,IRL,1990,23181.0178451808
Ireland,IE,IRL,1989,21389.6346044951
Ireland,IE,IRL,1988,20134.4451552417
Ireland,IE,IRL,1987,19054.3713554512
Ireland,IE,IRL,1986,18207.3228464281
Ireland,IE,IRL,1985,18293.9564825852
Ireland,IE,IRL,1984,17774.8018586909
Ireland,IE,IRL,1983,17138.9995303703
Ireland,IE,IRL,1982,17303.2084282793
Ireland,IE,IRL,1981,17077.6095597587
Ireland,IE,IRL,1980,16722.7039074546
Ireland,IE,IRL,1979,16410.9172264474
Ireland,IE,IRL,1978,16135.1809467811
Ireland,IE,IRL,1977,15268.4384965856
Ireland,IE,IRL,1976,14302.2213089581
Ireland,IE,IRL,1975,14319.9635783551
Ireland,IE,IRL,1974,13778.1457289524
Ireland,IE,IRL,1973,13435.905745907
Ireland,IE,IRL,1972,13037.578590583
Ireland,IE,IRL,1971,12426.3445028561
Ireland,IE,IRL,1970,12150.9495894984
Ireland,IE,IRL,1969,
Ireland,IE,IRL,1968,
Ireland,IE,IRL,1967,
Ireland,IE,IRL,1966,
Ireland,IE,IRL,1965,
Ireland,IE,IRL,1964,
Ireland,IE,IRL,1963,
Ireland,IE,IRL,1962,
Ireland,IE,IRL,1961,
Ireland,IE,IRL,1960,
Italy,IT,ITA,2021,31505.9489224989
Italy,IT,ITA,2020,29353.8154433028
Italy,IT,ITA,2019,32114.2998563994
Italy,IT,ITA,2018,31593.4802621599
Italy,IT,ITA,2017,31244.2270989224
Italy,IT,ITA,2016,30685.645898943
Italy,IT,ITA,2015,30242.3861352184
Italy,IT,ITA,2014,29979.9187217358
Italy,IT,ITA,2013,30257.6274259351
Italy,IT,ITA,2012,31184.5584255896
Italy,IT,ITA,2011,32229.4567910904
Italy,IT,ITA,2010,32058.1739940798
Italy,IT,ITA,2009,31615.2708145085
Italy,IT,ITA,2008,33530.3601449597
Italy,IT,ITA,2007,34081.0903298709
Italy,IT,ITA,2006,33751.7000191328
Italy,IT,ITA,2005,33257.7698032684
Italy,IT,ITA,2004,33150.4762169416
Italy,IT,ITA,2003,32897.3907788976
Italy,IT,ITA,2002,32998.2031900081
Italy,IT,ITA,2001,32963.6706090266
Italy,IT,ITA,2000,32350.9043668747
Italy,IT,ITA,1999,31184.6163874566
Italy,IT,ITA,1998,30690.911722108
Italy,IT,ITA,1997,30153.7751753268
Italy,IT,ITA,1996,29627.4869484224
Italy,IT,ITA,1995,29265.0890480926
Italy,IT,ITA,1994,28444.4102547741
Italy,IT,ITA,1993,27851.1213575016
Italy,IT,ITA,1992,28107.8590258445
Italy,IT,ITA,1991,27894.2427947176
Italy,IT,ITA,1990,27490.6320397627
Italy,IT,ITA,1989,26977.9326628205
Italy,IT,ITA,1988,26113.3555152329
Italy,IT,ITA,1987,25074.2673152936
Italy,IT,ITA,1986,24301.1433759903
Italy,IT,ITA,1985,23626.749268459
Italy,IT,ITA,1984,22990.2903298322
Italy,IT,ITA,1983,22276.812376138
Italy,IT,ITA,1982,22027.3545327407
Italy,IT,ITA,1981,21952.8848612744
Italy,IT,ITA,1980,21795.2545189366
Italy,IT,ITA,1979,21115.9194623778
Italy,IT,ITA,1978,19986.0625779522
Italy,IT,ITA,1977,19427.9110592648
Italy,IT,ITA,1976,19023.5041749574
Italy,IT,ITA,1975,17846.9745510807
Italy,IT,ITA,1974,18337.1605795574
Italy,IT,ITA,1973,17495.2850451837
Italy,IT,ITA,1972,16442.6579886459
Italy,IT,ITA,1971,15947.7220644908
Italy,IT,ITA,1970,15736.1836330101
Italy,IT,ITA,1969,15027.8574890736
Italy,IT,ITA,1968,14244.5254640873
Italy,IT,ITA,1967,13454.2758451242
Italy,IT,ITA,1966,12644.3213821948
Italy,IT,ITA,1965,12023.412717543
Italy,IT,ITA,1964,11741.379366874
Italy,IT,ITA,1963,11516.1767633618
Italy,IT,ITA,1962,10984.3106748981
Italy,IT,ITA,1961,10412.904836785
Italy,IT,ITA,1960,9687.64700624044
Lithuania,LT,LTU,2021,18233.7157800947
Lithuania,LT,LTU,2020,17241.3488235121
Lithuania,LT,LTU,2019,17249.7184431077
Lithuania,LT,LTU,2018,16443.5852875776
Lithuania,LT,LTU,2017,15661.9962536775
Lithuania,LT,LTU,2016,14810.2517786273
Lithuania,LT,LTU,2015,14263.9645773495
Lithuania,LT,LTU,2014,13850.0001271199
Lithuania,LT,LTU,2013,13262.3344620771
Lithuania,LT,LTU,2012,12678.6926859879
Lithuania,LT,LTU,2011,12046.7213858694
Lithuania,LT,LTU,2010,11106.9502145424
Lithuania,LT,LTU,2009,10699.7894581629
Lithuania,LT,LTU,2008,12425.3980999207
Lithuania,LT,LTU,2007,11984.9232941064
Lithuania,LT,LTU,2006,10659.4002106998
Lithuania,LT,LTU,2005,9766.48764716509
Lithuania,LT,LTU,2004,8919.08174949012
Lithuania,LT,LTU,2003,8275.80344758031
Lithuania,LT,LTU,2002,7424.39482424481
Lithuania,LT,LTU,2001,6899.23683441212
Lithuania,LT,LTU,2000,6423.42067622444
Lithuania,LT,LTU,1999,6151.08296362442
Lithuania,LT,LTU,1998,6178.1238213384
Lithuania,LT,LTU,1997,5706.89526075875
Lithuania,LT,LTU,1996,5230.26019154918
Lithuania,LT,LTU,1995,4936.0202154344
Lithuania,LT,LTU,1994,
Lithuania,LT,LTU,1993,
Lithuania,LT,LTU,1992,
Lithuania,LT,LTU,1991,
Lithuania,LT,LTU,1990,
Lithuania,LT,LTU,1989,
Lithuania,LT,LTU,1988,
Lithuania,LT,LTU,1987,
Lithuania,LT,LTU,1986,
Lithuania,LT,LTU,1985,
Lithuania,LT,LTU,1984,
Lithuania,LT,LTU,1983,
Lithuania,LT,LTU,1982,
Lithuania,LT,LTU,1981,
Lithuania,LT,LTU,1980,
Lithuania,LT,LTU,1979,
Lithuania,LT,LTU,1978,
Lithuania,LT,LTU,1977,
Lithuania,LT,LTU,1976,
Lithuania,LT,LTU,1975,
Lithuania,LT,LTU,1974,
Lithuania,LT,LTU,1973,
Lithuania,LT,LTU,1972,
Lithuania,LT,LTU,1971,
Lithuania,LT,LTU,1970,
Lithuania,LT,LTU,1969,
Lithuania,LT,LTU,1968,
Lithuania,LT,LTU,1967,
Lithuania,LT,LTU,1966,
Lithuania,LT,LTU,1965,
Lithuania,LT,LTU,1964,
Lithuania,LT,LTU,1963,
Lithuania,LT,LTU,1962,
Lithuania,LT,LTU,1961,
Lithuania,LT,LTU,1960,
Luxembourg,LU,LUX,2021,107792.189003826
Luxembourg,LU,LUX,2020,104128.242111037
Luxembourg,LU,LUX,2019,106729.024882424
Luxembourg,LU,LUX,2018,106376.783565763
Luxembourg,LU,LUX,2017,107142.127556443
Luxembourg,LU,LUX,2016,108351.452158933
Luxembourg,LU,LUX,2015,105462.012584423
Luxembourg,LU,LUX,2014,105583.937014123
Luxembourg,LU,LUX,2013,105338.956059283
Luxembourg,LU,LUX,2012,104487.744238704
Luxembourg,LU,LUX,2011,105290.249048827
Luxembourg,LU,LUX,2010,106544.057241723
Luxembourg,LU,LUX,2009,104574.349887682
Luxembourg,LU,LUX,2008,110094.792338745
Luxembourg,LU,LUX,2007,112417.878458001
Luxembourg,LU,LUX,2006,105614.179863952
Luxembourg,LU,LUX,2005,101222.045664401
Luxembourg,LU,LUX,2004,100292.568479162
Luxembourg,LU,LUX,2003,97597.9969176553
Luxembourg,LU,LUX,2002,96269.5793851216
Luxembourg,LU,LUX,2001,94243.7073233917
Luxembourg,LU,LUX,2000,92527.7118069642
Luxembourg,LU,LUX,1999,87695.33957586
Luxembourg,LU,LUX,1998,82170.2399212578
Luxembourg,LU,LUX,1997,77993.0585335828
Luxembourg,LU,LUX,1996,74916.5067672272
Luxembourg,LU,LUX,1995,74896.0965788046
Luxembourg,LU,LUX,1994,74883.1418537888
Luxembourg,LU,LUX,1993,73116.1946629406
Luxembourg,LU,LUX,1992,71116.9400892209
Luxembourg,LU,LUX,1991,70779.9729147771
Luxembourg,LU,LUX,1990,66027.0758007817
Luxembourg,LU,LUX,1989,63481.5847355331
Luxembourg,LU,LUX,1988,58381.7542558669
Luxembourg,LU,LUX,1987,54218.2753941324
Luxembourg,LU,LUX,1986,52496.6662006102
Luxembourg,LU,LUX,1985,47945.8483699444
Luxembourg,LU,LUX,1984,46733.9235529516
Luxembourg,LU,LUX,1983,44056.251468465
Luxembourg,LU,LUX,1982,42788.9485611364
Luxembourg,LU,LUX,1981,42345.0451531547
Luxembourg,LU,LUX,1980,42705.3385418472
Luxembourg,LU,LUX,1979,42500.2548997291
Luxembourg,LU,LUX,1978,41623.6010396531
Luxembourg,LU,LUX,1977,40065.6914169583
Luxembourg,LU,LUX,1976,39515.0353486263
Luxembourg,LU,LUX,1975,38729.5604581864
Luxembourg,LU,LUX,1974,41908.9752721689
Luxembourg,LU,LUX,1973,40742.7918500131
Luxembourg,LU,LUX,1972,38033.7401625331
Luxembourg,LU,LUX,1971,36114.9765484434
Luxembourg,LU,LUX,1970,35513.8009854427
Luxembourg,LU,LUX,1969,32125.4867875047
Luxembourg,LU,LUX,1968,29355.712798391
Luxembourg,LU,LUX,1967,28248.745242907
Luxembourg,LU,LUX,1966,28280.5166959382
Luxembourg,LU,LUX,1965,28173.2666499077
Luxembourg,LU,LUX,1964,28706.589612341
Luxembourg,LU,LUX,1963,26912.9549966405
Luxembourg,LU,LUX,1962,26289.9029024973
Luxembourg,LU,LUX,1961,26257.1661908152
Luxembourg,LU,LUX,1960,25520.1824340318
Latvia,LV,LVA,2021,16609.7227827866
Latvia,LV,LVA,2020,15826.4126578529
Latvia,LV,LVA,2019,16069.8404323203
Latvia,LV,LVA,2018,15558.6917797211
Latvia,LV,LVA,2017,14845.3348946383
Latvia,LV,LVA,2016,14242.5726741319
Latvia,LV,LVA,2015,13786.4567953114
Latvia,LV,LVA,2014,13162.6545599056
Latvia,LV,LVA,2013,12795.8782909892
Latvia,LV,LVA,2012,12410.3652614992
Latvia,LV,LVA,2011,11450.9767983716
Latvia,LV,LVA,2010,10962.2315251539
Latvia,LV,LVA,2009,11237.1089285212
Latvia,LV,LVA,2008,12891.4423439709
Latvia,LV,LVA,2007,13185.0693240034
Latvia,LV,LVA,2006,11895.2750583575
Latvia,LV,LVA,2005,10526.4522506693
Latvia,LV,LVA,2004,9405.06172211095
Latvia,LV,LVA,2003,8591.26791254397
Latvia,LV,LVA,2002,7847.64536792469
Latvia,LV,LVA,2001,7243.56297995178
Latvia,LV,LVA,2000,6725.33754041856
Latvia,LV,LVA,1999,6303.07485521062
Latvia,LV,LVA,1998,6084.28501085339
Latvia,LV,LVA,1997,5668.0600072591
Latvia,LV,LVA,1996,5156.19509655969
Latvia,LV,LVA,1995,4969.82307985825
Latvia,LV,LVA,1994,
Latvia,LV,LVA,1993,
Latvia,LV,LVA,1992,
Latvia,LV,LVA,1991,
Latvia,LV,LVA,1990,
Latvia,LV,LVA,1989,
Latvia,LV,LVA,1988,
Latvia,LV,LVA,1987,
Latvia,LV,LVA,1986,
Latvia,LV,LVA,1985,
Latvia,LV,LVA,1984,
Latvia,LV,LVA,1983,
Latvia,LV,LVA,1982,
Latvia,LV,LVA,1981,
Latvia,LV,LVA,1980,
Latvia,LV,LVA,1979,
Latvia,LV,LVA,1978,
Latvia,LV,LVA,1977,
Latvia,LV,LVA,1976,
Latvia,LV,LVA,1975,
Latvia,LV,LVA,1974,
Latvia,LV,LVA,1973,
Latvia,LV,LVA,1972,
Latvia,LV,LVA,1971,
Latvia,LV,LVA,1970,
Latvia,LV,LVA,1969,
Latvia,LV,LVA,1968,
Latvia,LV,LVA,1967,
Latvia,LV,LVA,1966,
Latvia,LV,LVA,1965,
Latvia,LV,LVA,1964,
Latvia,LV,LVA,1963,
Latvia,LV,LVA,1962,
Latvia,LV,LVA,1961,
Latvia,LV,LVA,1960,
Malta,MT,MLT,2021,27891.1282698574
Malta,MT,MLT,2020,25444.3392976941
Malta,MT,MLT,2019,28375.2709332443
Malta,MT,MLT,2018,27864.2011519772
Malta,MT,MLT,2017,27177.8003836611
Malta,MT,MLT,2016,25181.2589891115
Malta,MT,MLT,2015,24921.5790015791
Malta,MT,MLT,2014,23286.100386101
Malta,MT,MLT,2013,22071.0316097563
Malta,MT,MLT,2012,21221.633414091
Malta,MT,MLT,2011,20566.266064771
Malta,MT,MLT,2010,20557.7649608427
Malta,MT,MLT,2009,19573.8970037959
Malta,MT,MLT,2008,19948.0562567015
Malta,MT,MLT,2007,19338.4620047923
Malta,MT,MLT,2006,18521.555034809
Malta,MT,MLT,2005,18133.9086645252
Malta,MT,MLT,2004,17652.6287625179
Malta,MT,MLT,2003,17746.8134856495
Malta,MT,MLT,2002,17164.5434218266
Malta,MT,MLT,2001,16860.5045795096
Malta,MT,MLT,2000,17189.5641139157
Malta,MT,MLT,1999,14455.7006016678
Malta,MT,MLT,1998,13886.2307277665
Malta,MT,MLT,1997,13295.3116471943
Malta,MT,MLT,1996,12727.2426701278
Malta,MT,MLT,1995,12344.7715588185
Malta,MT,MLT,1994,11689.7136598279
Malta,MT,MLT,1993,11168.4172365217
Malta,MT,MLT,1992,10796.7461341621
Malta,MT,MLT,1991,10419.915060919
Malta,MT,MLT,1990,10074.2643900301
Malta,MT,MLT,1989,9571.14765900679
Malta,MT,MLT,1988,8934.03387058764
Malta,MT,MLT,1987,8308.58386909803
Malta,MT,MLT,1986,8035.68675557915
Malta,MT,MLT,1985,7865.49354458262
Malta,MT,MLT,1984,7803.15786018051
Malta,MT,MLT,1983,7731.92344363775
Malta,MT,MLT,1982,7889.99273559924
Malta,MT,MLT,1981,7881.02123807915
Malta,MT,MLT,1980,7684.68855353562
Malta,MT,MLT,1979,7254.28801951013
Malta,MT,MLT,1978,6632.40138233093
Malta,MT,MLT,1977,6028.90437860294
Malta,MT,MLT,1976,5395.13351900557
Malta,MT,MLT,1975,4634.072695004
Malta,MT,MLT,1974,3904.5057673287
Malta,MT,MLT,1973,3545.98104965377
Malta,MT,MLT,1972,3401.99843957142
Malta,MT,MLT,1971,3211.6803276961
Malta,MT,MLT,1970,3135.27155710562
Malta,MT,MLT,1969,
Malta,MT,MLT,1968,
Malta,MT,MLT,1967,
Malta,MT,MLT,1966,
Malta,MT,MLT,1965,
Malta,MT,MLT,1964,
Malta,MT,MLT,1963,
Malta,MT,MLT,1962,
Malta,MT,MLT,1961,
Malta,MT,MLT,1960,
Netherlands,NL,NLD,2021,48301.528960019
Netherlands,NL,NLD,2020,46303.21886247
Netherlands,NL,NLD,2019,48443.7320540283
Netherlands,NL,NLD,2018,47826.8191172843
Netherlands,NL,NLD,2017,46997.3454541962
Netherlands,NL,NLD,2016,45938.7850440865
Netherlands,NL,NLD,2015,45193.4032187971
Netherlands,NL,NLD,2014,44521.8945390276
Netherlands,NL,NLD,2013,44055.3042590473
Netherlands,NL,NLD,2012,44242.9735261304
Netherlands,NL,NLD,2011,44869.3129413094
Netherlands,NL,NLD,2010,44390.5044098134
Netherlands,NL,NLD,2009,44027.6025577706
Netherlands,NL,NLD,2008,45939.1481987846
Netherlands,NL,NLD,2007,45138.678436798
Netherlands,NL,NLD,2006,43592.3027449221
Netherlands,NL,NLD,2005,42201.7754133082
Netherlands,NL,NLD,2004,41450.4042697266
Netherlands,NL,NLD,2003,40785.1222216206
Netherlands,NL,NLD,2002,40914.3255026768
Netherlands,NL,NLD,2001,41087.042173269
Netherlands,NL,NLD,2000,40456.9422374474
Netherlands,NL,NLD,1999,39106.3881617199
Netherlands,NL,NLD,1998,37480.7094477732
Netherlands,NL,NLD,1997,36032.0402458477
Netherlands,NL,NLD,1996,34715.1616306125
Netherlands,NL,NLD,1995,33696.7438281983
Netherlands,NL,NLD,1994,32840.2781037327
Netherlands,NL,NLD,1993,32088.7065995431
Netherlands,NL,NLD,1992,31911.8353719116
Netherlands,NL,NLD,1991,31614.6528926889
Netherlands,NL,NLD,1990,31106.0519601296
Netherlands,NL,NLD,1989,30063.370768457
Netherlands,NL,NLD,1988,28964.021267438
Netherlands,NL,NLD,1987,28181.9596469492
Netherlands,NL,NLD,1986,27823.9996673834
Netherlands,NL,NLD,1985,27220.2194444849
Netherlands,NL,NLD,1984,26659.5857351025
Netherlands,NL,NLD,1983,25970.4838777274
Netherlands,NL,NLD,1982,25540.479624977
Netherlands,NL,NLD,1981,25980.218223968
Netherlands,NL,NLD,1980,26365.6719647464
Netherlands,NL,NLD,1979,26223.246165217
Netherlands,NL,NLD,1978,25883.5490958627
Netherlands,NL,NLD,1977,25359.5365872642
Netherlands,NL,NLD,1976,24883.6038328871
Netherlands,NL,NLD,1975,24009.7580066512
Netherlands,NL,NLD,1974,24224.2438208069
Netherlands,NL,NLD,1973,23603.1814835262
Netherlands,NL,NLD,1972,22570.480652863
Netherlands,NL,NLD,1971,22021.6476367213
Netherlands,NL,NLD,1970,21362.8476594376
Netherlands,NL,NLD,1969,20377.9237628864
Netherlands,NL,NLD,1968,19369.888243145
Netherlands,NL,NLD,1967,18392.0436779347
Netherlands,NL,NLD,1966,17668.7259509897
Netherlands,NL,NLD,1965,17423.2548724934
Netherlands,NL,NLD,1964,16258.8023709137
Netherlands,NL,NLD,1963,15218.4581936088
Netherlands,NL,NLD,1962,14885.5239013739
Netherlands,NL,NLD,1961,14131.9601777754
Netherlands,NL,NLD,1960,14276.8700623396
Poland,PL,POL,2021,15850.2855122104
Poland,PL,POL,2020,14774.989199307
Poland,PL,POL,2019,15053.2323676784
Poland,PL,POL,2018,14408.384388723
Poland,PL,POL,2017,13599.8180191148
Poland,PL,POL,2016,12936.5732568387
Poland,PL,POL,2015,12560.051419682
Poland,PL,POL,2014,12024.6095070994
Poland,PL,POL,2013,11571.6148487478
Poland,PL,POL,2012,11466.4159300003
Poland,PL,POL,2011,11291.9035865592
Poland,PL,POL,2010,10755.6564372745
Poland,PL,POL,2009,10419.2148703063
Poland,PL,POL,2008,10139.1191437268
Poland,PL,POL,2007,9731.76945440355
Poland,PL,POL,2006,9084.94921446234
Poland,PL,POL,2005,8554.69389731032
Poland,PL,POL,2004,8261.2274414471
Poland,PL,POL,2003,7864.51826399203
Poland,PL,POL,2002,7593.55965522649
Poland,PL,POL,2001,7438.60343541903
Poland,PL,POL,2000,7344.12076059522
Poland,PL,POL,1999,6950.79773500139
Poland,PL,POL,1998,6641.0853123273
Poland,PL,POL,1997,6348.84121749564
Poland,PL,POL,1996,5968.11435672164
Poland,PL,POL,1995,5628.44623895876
Poland,PL,POL,1994,5262.31523543937
Poland,PL,POL,1993,5008.34908919128
Poland,PL,POL,1992,4840.16858550087
Poland,PL,POL,1991,4735.92769826406
Poland,PL,POL,1990,5111.3453296443
Poland,PL,POL,1989,
Poland,PL,POL,1988,
Poland,PL,POL,1987,
Poland,PL,POL,1986,
Poland,PL,POL,1985,
Poland,PL,POL,1984,
Poland,PL,POL,1983,
Poland,PL,POL,1982,
Poland,PL,POL,1981,
Poland,PL,POL,1980,
Poland,PL,POL,1979,
Poland,PL,POL,1978,
Poland,PL,POL,1977,
Poland,PL,POL,1976,
Poland,PL,POL,1975,
Poland,PL,POL,1974,
Poland,PL,POL,1973,
Poland,PL,POL,1972,
Poland,PL,POL,1971,
Poland,PL,POL,1970,
Poland,PL,POL,1969,
Poland,PL,POL,1968,
Poland,PL,POL,1967,
Poland,PL,POL,1966,
Poland,PL,POL,1965,
Poland,PL,POL,1964,
Poland,PL,POL,1963,
Poland,PL,POL,1962,
Poland,PL,POL,1961,
Poland,PL,POL,1960,
Portugal,PT,PRT,2021,20831.0870139963
Portugal,PT,PRT,2020,19802.2290212165
Portugal,PT,PRT,2019,21617.411624379
Portugal,PT,PRT,2018,21057.6174784232
Portugal,PT,PRT,2017,20441.4858041084
Portugal,PT,PRT,2016,19700.9100016775
Portugal,PT,PRT,2015,19250.1065376852
Portugal,PT,PRT,2014,18833.0518281692
Portugal,PT,PRT,2013,18584.5540451703
Portugal,PT,PRT,2012,18654.9575281944
Portugal,PT,PRT,2011,19365.1816488681
Portugal,PT,PRT,2010,19670.3610686333
Portugal,PT,PRT,2009,19343.2800499088
Portugal,PT,PRT,2008,19985.6983319711
Portugal,PT,PRT,2007,19950.8440966199
Portugal,PT,PRT,2006,19501.2330070103
Portugal,PT,PRT,2005,19224.0346513314
Portugal,PT,PRT,2004,19110.3208431632
Portugal,PT,PRT,2003,18819.4437376393
Portugal,PT,PRT,2002,19067.6554332118
Portugal,PT,PRT,2001,19025.6956905388
Portugal,PT,PRT,2000,18795.0311479834
Portugal,PT,PRT,1999,18231.8397637454
Portugal,PT,PRT,1998,17645.9058269451
Portugal,PT,PRT,1997,16921.7219436809
Portugal,PT,PRT,1996,16280.9371518353
Portugal,PT,PRT,1995,15788.983105782
Portugal,PT,PRT,1994,15193.0547380182
Portugal,PT,PRT,1993,15088.4139631035
Portugal,PT,PRT,1992,15421.9948914487
Portugal,PT,PRT,1991,15243.9300420508
Portugal,PT,PRT,1990,14572.2883800743
Portugal,PT,PRT,1989,13987.9651374039
Portugal,PT,PRT,1988,13122.4021364501
Portugal,PT,PRT,1987,12195.4386205377
Portugal,PT,PRT,1986,11460.7944819143
Portugal,PT,PRT,1985,11015.093122822
Portugal,PT,PRT,1984,10743.643691008
Portugal,PT,PRT,1983,10991.6795212773
Portugal,PT,PRT,1982,11061.945286557
Portugal,PT,PRT,1981,10897.0840219598
Portugal,PT,PRT,1980,10816.951805302
Portugal,PT,PRT,1979,10454.7601158669
Portugal,PT,PRT,1978,10003.3544084642
Portugal,PT,PRT,1977,9834.92253552141
Portugal,PT,PRT,1976,9412.55413328769
Portugal,PT,PRT,1975,9059.00711449848
Portugal,PT,PRT,1974,9837.61577783563
Portugal,PT,PRT,1973,9863.07891409919
Portugal,PT,PRT,1972,8872.3656798488
Portugal,PT,PRT,1971,8201.29628092282
Portugal,PT,PRT,1970,7658.74428957813
Portugal,PT,PRT,1969,6740.95674032344
Portugal,PT,PRT,1968,6541.99548600688
Portugal,PT,PRT,1967,5983.05261747177
Portugal,PT,PRT,1966,5528.15176684244
Portugal,PT,PRT,1965,5271.6466728634
Portugal,PT,PRT,1964,4885.31011494773
Portugal,PT,PRT,1963,4597.86106596883
Portugal,PT,PRT,1962,4360.34054480817
Portugal,PT,PRT,1961,4119.44125388993
Portugal,PT,PRT,1960,3934.94473763665
Romania,RO,ROU,2021,11541.7769263214
Romania,RO,ROU,2020,10898.8316332686
Romania,RO,ROU,2019,11252.7929110931
Romania,RO,ROU,2018,10778.3595556176
Romania,RO,ROU,2017,10105.9343511933
Romania,RO,ROU,2016,9286.51964587238
Romania,RO,ROU,2015,8976.88053477541
Romania,RO,ROU,2014,8661.05068227593
Romania,RO,ROU,2013,8287.18138452781
Romania,RO,ROU,2012,8234.23676535452
Romania,RO,ROU,2011,8042.83716012627
Romania,RO,ROU,2010,7657.47929439108
Romania,RO,ROU,2009,7921.15476241519
Romania,RO,ROU,2008,8314.16384059176
Romania,RO,ROU,2007,7480.51915863672
Romania,RO,ROU,2006,6873.6040957606
Romania,RO,ROU,2005,6325.16917909248
Romania,RO,ROU,2004,6005.86689834886
Romania,RO,ROU,2003,5407.81096158894
Romania,RO,ROU,2002,5246.12721757718
Romania,RO,ROU,2001,4873.05266786281
Romania,RO,ROU,2000,4567.20205083445
Romania,RO,ROU,1999,4451.72539664913
Romania,RO,ROU,1998,4461.54751826786
Romania,RO,ROU,1997,4544.56879046598
Romania,RO,ROU,1996,4762.43746643641
Romania,RO,ROU,1995,4570.14748089464
Romania,RO,ROU,1994,4293.2879625102
Romania,RO,ROU,1993,4124.8636778917
Romania,RO,ROU,1992,4057.22492611179
Romania,RO,ROU,1991,4407.1164580023
Romania,RO,ROU,1990,5017.12005717397
Romania,RO,ROU,1989,
Romania,RO,ROU,1988,
Romania,RO,ROU,1987,
Romania,RO,ROU,1986,
Romania,RO,ROU,1985,
Romania,RO,ROU,1984,
Romania,RO,ROU,1983,
Romania,RO,ROU,1982,
Romania,RO,ROU,1981,
Romania,RO,ROU,1980,
Romania,RO,ROU,1979,
Romania,RO,ROU,1978,
Romania,RO,ROU,1977,
Romania,RO,ROU,1976,
Romania,RO,ROU,1975,
Romania,RO,ROU,1974,
Romania,RO,ROU,1973,
Romania,RO,ROU,1972,
Romania,RO,ROU,1971,
Romania,RO,ROU,1970,
Romania,RO,ROU,1969,
Romania,RO,ROU,1968,
Romania,RO,ROU,1967,
Romania,RO,ROU,1966,
Romania,RO,ROU,1965,
Romania,RO,ROU,1964,
Romania,RO,ROU,1963,
Romania,RO,ROU,1962,
Romania,RO,ROU,1961,
Romania,RO,ROU,1960,
Slovak Republic,SK,SVK,2021,18181.1969542578
Slovak Republic,SK,SVK,2020,17611.7568566409
Slovak Republic,SK,SVK,2019,18242.4950003779
Slovak Republic,SK,SVK,2018,17818.2341072167
Slovak Republic,SK,SVK,2017,17151.652477668
Slovak Republic,SK,SVK,2016,16687.9844571492
Slovak Republic,SK,SVK,2015,16390.8821748507
Slovak Republic,SK,SVK,2014,15600.3671671802
Slovak Republic,SK,SVK,2013,15205.3955780546
Slovak Republic,SK,SVK,2012,15126.0352987762
Slovak Republic,SK,SVK,2011,14954.577975505
Slovak Republic,SK,SVK,2010,14584.2606782101
Slovak Republic,SK,SVK,2009,13679.0844080915
Slovak Republic,SK,SVK,2008,14487.7065317766
Slovak Republic,SK,SVK,2007,13734.4555495321
Slovak Republic,SK,SVK,2006,12395.7521809663
Slovak Republic,SK,SVK,2005,11425.9001472696
Slovak Republic,SK,SVK,2004,10717.1731711207
Slovak Republic,SK,SVK,2003,10177.7214189548
Slovak Republic,SK,SVK,2002,9640.86530132502
Slovak Republic,SK,SVK,2001,9221.521860824
Slovak Republic,SK,SVK,2000,8914.59898415289
Slovak Republic,SK,SVK,1999,8799.88587594508
Slovak Republic,SK,SVK,1998,8818.21082633927
Slovak Republic,SK,SVK,1997,8484.2207773607
Slovak Republic,SK,SVK,1996,8024.38753090397
Slovak Republic,SK,SVK,1995,7542.11102831392
Slovak Republic,SK,SVK,1994,7146.60268298447
Slovak Republic,SK,SVK,1993,6755.5989457269
Slovak Republic,SK,SVK,1992,6654.90412722313
Slovak Republic,SK,SVK,1991,
Slovak Republic,SK,SVK,1990,
Slovak Republic,SK,SVK,1989,
Slovak Republic,SK,SVK,1988,
Slovak Republic,SK,SVK,1987,
Slovak Republic,SK,SVK,1986,
Slovak Republic,SK,SVK,1985,
Slovak Republic,SK,SVK,1984,
Slovak Republic,SK,SVK,1983,
Slovak Republic,SK,SVK,1982,
Slovak Republic,SK,SVK,1981,
Slovak Republic,SK,SVK,1980,
Slovak Republic,SK,SVK,1979,
Slovak Republic,SK,SVK,1978,
Slovak Republic,SK,SVK,1977,
Slovak Republic,SK,SVK,1976,
Slovak Republic,SK,SVK,1975,
Slovak Republic,SK,SVK,1974,
Slovak Republic,SK,SVK,1973,
Slovak Republic,SK,SVK,1972,
Slovak Republic,SK,SVK,1971,
Slovak Republic,SK,SVK,1970,
Slovak Republic,SK,SVK,1969,
Slovak Republic,SK,SVK,1968,
Slovak Republic,SK,SVK,1967,
Slovak Republic,SK,SVK,1966,
Slovak Republic,SK,SVK,1965,
Slovak Republic,SK,SVK,1964,
Slovak Republic,SK,SVK,1963,
Slovak Republic,SK,SVK,1962,
Slovak Republic,SK,SVK,1961,
Slovak Republic,SK,SVK,1960,
Slovenia,SI,SVN,2021,24744.841297261
Slovenia,SI,SVN,2020,22928.7627401934
Slovenia,SI,SVN,2019,24125.3920363107
Slovenia,SI,SVN,2018,23483.529124564
Slovenia,SI,SVN,2017,22563.7589398118
Slovenia,SI,SVN,2016,21541.176421949
Slovenia,SI,SVN,2015,20890.1664304173
Slovenia,SI,SVN,2014,20453.8333877187
Slovenia,SI,SVN,2013,19922.474290455
Slovenia,SI,SVN,2012,20157.0052544663
Slovenia,SI,SVN,2011,20746.988405299
Slovenia,SI,SVN,2010,20612.5895305308
Slovenia,SI,SVN,2009,20428.1698595221
Slovenia,SI,SVN,2008,22296.7049968231
Slovenia,SI,SVN,2007,21574.7534360106
Slovenia,SI,SVN,2006,20280.1519045957
Slovenia,SI,SVN,2005,19239.3999078218
Slovenia,SI,SVN,2004,18567.5622059245
Slovenia,SI,SVN,2003,17803.3779818988
Slovenia,SI,SVN,2002,17301.9338072883
Slovenia,SI,SVN,2001,16736.6666048821
Slovenia,SI,SVN,2000,16240.6568860495
Slovenia,SI,SVN,1999,15711.81638306
Slovenia,SI,SVN,1998,14927.0344967417
Slovenia,SI,SVN,1997,14421.5753234248
Slovenia,SI,SVN,1996,13709.8774257127
Slovenia,SI,SVN,1995,13276.0730865709
Slovenia,SI,SVN,1994,
Slovenia,SI,SVN,1993,
Slovenia,SI,SVN,1992,
Slovenia,SI,SVN,1991,
Slovenia,SI,SVN,1990,
Slovenia,SI,SVN,1989,
Slovenia,SI,SVN,1988,
Slovenia,SI,SVN,1987,
Slovenia,SI,SVN,1986,
Slovenia,SI,SVN,1985,
Slovenia,SI,SVN,1984,
Slovenia,SI,SVN,1983,
Slovenia,SI,SVN,1982,
Slovenia,SI,SVN,1981,
Slovenia,SI,SVN,1980,
Slovenia,SI,SVN,1979,
Slovenia,SI,SVN,1978,
Slovenia,SI,SVN,1977,
Slovenia,SI,SVN,1976,
Slovenia,SI,SVN,1975,
Slovenia,SI,SVN,1974,
Slovenia,SI,SVN,1973,
Slovenia,SI,SVN,1972,
Slovenia,SI,SVN,1971,
Slovenia,SI,SVN,1970,
Slovenia,SI,SVN,1969,
Slovenia,SI,SVN,1968,
Slovenia,SI,SVN,1967,
Slovenia,SI,SVN,1966,
Slovenia,SI,SVN,1965,
Slovenia,SI,SVN,1964,
Slovenia,SI,SVN,1963,
Slovenia,SI,SVN,1962,
Slovenia,SI,SVN,1961,
Slovenia,SI,SVN,1960,
Sweden,SE,SWE,2021,54262.4390838963
Sweden,SE,SWE,2020,51952.6731328342
Sweden,SE,SWE,2019,53490.3518198746
Sweden,SE,SWE,2018,52983.0068617482
Sweden,SE,SWE,2017,52576.8102821051
Sweden,SE,SWE,2016,51955.8610703634
Sweden,SE,SWE,2015,51545.4836095322
Sweden,SE,SWE,2014,49855.301012313
Sweden,SE,SWE,2013,49048.8187500238
Sweden,SE,SWE,2012,48885.5484179725
Sweden,SE,SWE,2011,49539.9726076492
Sweden,SE,SWE,2010,48369.9100407876
Sweden,SE,SWE,2009,46043.4809449994
Sweden,SE,SWE,2008,48544.1158941036
Sweden,SE,SWE,2007,49145.1958332412
Sweden,SE,SWE,2006,47864.8108642309
Sweden,SE,SWE,2005,45990.3743263984
Sweden,SE,SWE,2004,44891.323206397
Sweden,SE,SWE,2003,43194.9261684047
Sweden,SE,SWE,2002,42377.119637975
Sweden,SE,SWE,2001,41601.3076782847
Sweden,SE,SWE,2000,41117.1524303504
Sweden,SE,SWE,1999,39309.5970016519
Sweden,SE,SWE,1998,37737.4622753825
Sweden,SE,SWE,1997,36197.6342064807
Sweden,SE,SWE,1996,35139.4029916108
Sweden,SE,SWE,1995,34648.1189154575
Sweden,SE,SWE,1994,33511.6487224481
Sweden,SE,SWE,1993,32474.4299146671
Sweden,SE,SWE,1992,33352.5383635834
Sweden,SE,SWE,1991,33941.9851819102
Sweden,SE,SWE,1990,34570.3057339939
Sweden,SE,SWE,1989,34577.4837345325
Sweden,SE,SWE,1988,33908.7385537576
Sweden,SE,SWE,1987,33214.9576323827
Sweden,SE,SWE,1986,32244.5427172446
Sweden,SE,SWE,1985,31472.5916095749
Sweden,SE,SWE,1984,30857.9705441183
Sweden,SE,SWE,1983,29632.6983848712
Sweden,SE,SWE,1982,29093.1613210421
Sweden,SE,SWE,1981,28750.8038276117
Sweden,SE,SWE,1980,28654.9710634965
Sweden,SE,SWE,1979,28233.2417691962
Sweden,SE,SWE,1978,27248.574338554
Sweden,SE,SWE,1977,26857.5992015998
Sweden,SE,SWE,1976,27390.3768576514
Sweden,SE,SWE,1975,27202.3438863705
Sweden,SE,SWE,1974,26630.7799151019
Sweden,SE,SWE,1973,25880.4576182711
Sweden,SE,SWE,1972,24935.6623161897
Sweden,SE,SWE,1971,24449.8627753744
Sweden,SE,SWE,1970,24388.2982101309
Sweden,SE,SWE,1969,22944.5496519972
Sweden,SE,SWE,1968,22004.1547418406
Sweden,SE,SWE,1967,21351.2973543117
Sweden,SE,SWE,1966,20815.227246362
Sweden,SE,SWE,1965,20583.8667315087
Sweden,SE,SWE,1964,20013.8211147241
Sweden,SE,SWE,1963,18876.3227449503
Sweden,SE,SWE,1962,18022.7749590695
Sweden,SE,SWE,1961,17382.1380092371
Sweden,SE,SWE,1960,16525.3610487407
